Date,Open,High,Low,Close,Volume,ret_1,ret_5,ma_5,ma_20,vol_20,y_next_close
2025-01-15,409.8999938964844,429.79998779296875,405.6600036621094,428.2200012207031,81375500,0.08038151439752794,0.08586067838235478,403.5139953613281,422.6429977416992,0.047789363888625536,413.82000732421875
2025-01-16,423.489990234375,424.0,409.1300048828125,413.82000732421875,68335200,-0.03362756026209679,0.047804741900292935,407.2899963378906,420.18299865722656,0.04607131772089718,426.5
2025-01-17,421.5,439.739990234375,419.75,426.5,94991400,0.030641323404759335,0.08045804973235082,413.6419982910156,417.51499938964844,0.04582030606872611,424.07000732421875
2025-01-21,432.6400146484375,433.20001220703125,406.30999755859375,424.07000732421875,87320900,-0.00569752092797482,0.05147407674318538,417.79400024414065,416.7119995117188,0.04200539047157403,415.1099853515625
2025-01-22,416.80999755859375,428.0,414.5899963378906,415.1099853515625,60963300,-0.021128638710367298,0.04730548161507575,421.54400024414065,415.6589981079102,0.0422135084445562,412.3800048828125
2025-01-23,416.05999755859375,420.7300109863281,408.95001220703125,412.3800048828125,50690600,-0.006576523247056931,-0.03699032341491859,418.3760009765625,415.2249984741211,0.04151947962503785,406.5799865722656
2025-01-24,414.45001220703125,418.8800048828125,405.7799987792969,406.5799865722656,56427100,-0.014064741844588391,-0.017495579294890762,416.92799682617186,414.0239974975586,0.04126493261620396,397.1499938964844
2025-01-27,394.79998779296875,406.69000244140625,389.0,397.1499938964844,58125500,-0.023193450212053546,-0.06881595803872365,411.05799560546876,410.76749725341796,0.037422764297097864,398.0899963378906
2025-01-28,396.9100036621094,400.5899963378906,386.5,398.0899963378906,48910700,0.0023668700890153715,-0.06126349550220689,405.86199340820315,407.9654968261719,0.03738844113221525,389.1000061035156
2025-01-29,395.2099914550781,398.5899963378906,384.4800109863281,389.1000061035156,68033600,-0.02258280870425211,-0.0626580428462078,400.6599975585938,405.8374969482422,0.036203841189575835,400.2799987792969
2025-01-30,410.7799987792969,412.5,384.4100036621094,400.2799987792969,98092900,0.028732954254456988,-0.029341883603095975,398.2399963378906,404.9809967041016,0.03628308174949769,404.6000061035156
2025-01-31,401.5299987792969,419.989990234375,401.3399963378906,404.6000061035156,83283600,0.010792463618949588,-0.004869842427421278,397.8440002441406,405.0189971923828,0.03561988481444488,383.67999267578125
2025-02-03,386.67999267578125,389.1700134277344,374.3599853515625,383.67999267578125,93732100,-0.05170542044525339,-0.03391665977014724,395.15,405.238996887207,0.03484171205814112,392.2099914550781
2025-02-04,382.6300048828125,394.0,381.3999938964844,392.2099914550781,57072200,0.022232065633156273,-0.014770541678775784,393.9739990234375,404.32749633789064,0.029706337502394858,378.1700134277344
2025-02-05,387.510009765625,388.3900146484375,375.5299987792969,378.1700134277344,57223300,-0.035797094243459227,-0.028090445911926998,391.7880004882812,402.6834976196289,0.03064074322652069,374.32000732421875
2025-02-06,373.0299987792969,375.3999938964844,363.17999267578125,374.32000732421875,77918200,-0.010180622383618276,-0.06485458062917537,386.59600219726565,401.6814987182617,0.029445124218626023,361.6199951171875
2025-02-07,370.19000244140625,380.54998779296875,360.3399963378906,361.6199951171875,70298300,-0.0339282217314959,-0.10622839925348848,378.0,400.01549835205077,0.030265463332259195,350.7300109863281
2025-02-10,356.2099914550781,362.70001220703125,350.510009765625,350.7300109863281,77514900,-0.030114441341470455,-0.08587881129704,371.4100036621094,397.81499938964845,0.03080650842532971,328.5
2025-02-11,345.79998779296875,349.3699951171875,325.1000061035156,328.5,118543400,-0.06338211812502892,-0.16243847133704437,358.6680053710937,394.0744995117187,0.03267738439483829,336.510009765625
2025-02-12,329.94000244140625,346.3999938964844,329.1199951171875,336.510009765625,105382700,0.0243835913717656,-0.11016210218389066,350.33600463867185,391.0820007324219,0.03348766039888615,355.94000244140625
2025-02-13,345.0,358.69000244140625,342.8500061035156,355.94000244140625,89441500,0.05773971683431944,-0.049102384385488085,346.6600036621094,387.468000793457,0.030615552067632303,355.8399963378906
2025-02-14,360.6199951171875,362.0,347.5,355.8399963378906,68277300,-0.0002809633725618932,-0.015983626064216327,345.50400390625,384.5690002441406,0.030093241984681662,354.1099853515625
2025-02-18,355.010009765625,359.1000061035156,350.0199890136719,354.1099853515625,51631700,-0.004861766535893763,0.009636969347815993,346.17999877929685,380.9494995117187,0.028768541066398864,360.55999755859375
2025-02-19,354.0,367.3399963378906,353.6700134277344,360.55999755859375,67094400,0.018214714280444966,0.0975951219439688,352.5919982910156,377.7739990234375,0.029397019966230172,354.3999938964844
2025-02-20,361.510009765625,362.29998779296875,348.0,354.3999938964844,45965400,-0.01708454543992588,0.053163304542766854,356.1699951171875,374.7384994506836,0.029313339280065742,337.79998779296875
2025-02-21,353.44000244140625,354.9800109863281,334.4200134277344,337.79998779296875,74058600,-0.046839747148427646,-0.05096368636291071,352.5419921875,371.0094985961914,0.03060334448990449,330.5299987792969
2025-02-24,338.1400146484375,342.3999938964844,324.70001220703125,330.5299987792969,76052300,-0.021521578674915554,-0.07112746689262117,347.47999267578126,367.20699920654295,0.030707416684525,302.79998779296875
2025-02-25,327.0199890136719,328.8900146484375,297.25,302.79998779296875,134228800,-0.0838955952220366,-0.14489847697362412,337.2179931640625,362.4894989013672,0.03482011305722388,290.79998779296875
2025-02-26,303.7099914550781,309.0,288.0400085449219,290.79998779296875,100118300,-0.039630120487999076,-0.19347684223979522,323.2659912109375,357.12499847412107,0.0351169527706627,281.95001220703125
2025-02-27,291.1600036621094,297.2300109863281,280.8800048828125,281.95001220703125,101748200,-0.030433204805490277,-0.20442997442775024,308.7759948730469,351.7674987792969,0.03524996340207159,292.9800109863281
2025-02-28,279.5,293.8800048828125,273.6000061035156,292.9800109863281,115697000,0.03912040539724382,-0.13268199652544077,299.81199951171874,346.4024993896484,0.03600259008010661,284.6499938964844
2025-03-03,300.3399963378906,303.94000244140625,277.29998779296875,284.6499938964844,115551400,-0.02843203214376444,-0.13880738526685965,290.63599853515626,340.4049987792969,0.035597807742368426,272.0400085449219
2025-03-04,270.92999267578125,284.3500061035156,261.8399963378906,272.0400085449219,126706600,-0.04429996705409467,-0.10158514031737076,284.4840026855469,334.82299957275393,0.03525268646750668,279.1000061035156
2025-03-05,272.9200134277344,279.54998779296875,267.7099914550781,279.1000061035156,94042900,0.025952056083059283,-0.04023377641192605,282.1440063476563,329.1675003051758,0.03547662184246049,263.45001220703125
2025-03-06,272.05999755859375,272.6499938964844,260.0199890136719,263.45001220703125,98451600,-0.056073068986891905,-0.06561446781004487,278.4440063476562,323.43150024414064,0.03634332260331825,262.6700134277344
2025-03-07,259.32000732421875,266.25,250.72999572753906,262.6700134277344,102369600,-0.0029607088371812473,-0.10345414848116774,272.3820068359375,317.84900054931643,0.036453215539861465,222.14999389648438
2025-03-10,252.5399932861328,253.3699951171875,220.0,222.14999389648438,189076900,-0.1542620682219512,-0.21956789509972274,259.8820068359375,310.87550048828126,0.04762701863276673,230.5800018310547
2025-03-11,225.30999755859375,237.05999755859375,217.02000427246094,230.5800018310547,174896400,0.037947369642955975,-0.15240407811934364,251.59000549316406,304.8680000305176,0.04948235240595512,248.08999633789062
2025-03-12,247.22000122070312,251.83999633789062,241.10000610351562,248.08999633789062,142215700,0.0759389121683911,-0.1111071626208553,245.38800354003905,300.8474998474121,0.05268693192146861,240.67999267578125
2025-03-13,248.1300048828125,248.2899932861328,232.60000610351562,240.67999267578125,114813500,-0.02986820819658198,-0.0864301327621737,240.83399963378906,296.0559989929199,0.052077623705269006,249.97999572753906
2025-03-14,247.30999755859375,251.5800018310547,240.72999572753906,249.97999572753906,100242300,0.038640532386444715,-0.048311634566107764,238.29599609375,290.75799865722655,0.050828368414465065,238.00999450683594
2025-03-17,245.05999755859375,245.39999389648438,232.8000030517578,238.00999450683594,111900600,-0.04788383640805238,0.07139320749989242,241.4679962158203,284.86649856567385,0.05115563906657939,225.30999755859375
2025-03-18,228.16000366210938,230.10000610351562,222.27999877929688,225.30999755859375,111477600,-0.05335909096824687,-0.02285542644900429,240.41399536132812,278.4264991760254,0.05161691747365779,235.86000061035156
2025-03-19,231.61000061035156,241.41000366210938,229.1999969482422,235.86000061035156,111993800,0.046824389357219776,-0.04929660973061645,237.9679962158203,272.1914993286133,0.05313603862022988,236.25999450683594
2025-03-20,233.35000610351562,238.0,230.0500030517578,236.25999450683594,99028300,0.0016958954271570903,-0.018364626489329572,237.08399658203126,266.28449935913085,0.05334846289626862,248.7100067138672
2025-03-21,234.99000549316406,249.52000427246094,234.5500030517578,248.7100067138672,132728700,0.05269623506518384,-0.005080362570515695,236.8299987792969,261.83000030517576,0.05519284140567703,278.3900146484375
2025-03-24,258.0799865722656,278.6400146484375,256.3299865722656,278.3900146484375,169079900,0.11933580126800525,0.16965682565251172,244.9060028076172,259.22300109863284,0.06262725449626541,288.1400146484375
2025-03-25,283.6000061035156,288.20001220703125,271.2799987792969,288.1400146484375,150361500,0.03502280788451673,0.27886031587881166,257.4720062255859,258.49000244140626,0.06051677026250293,272.05999755859375
2025-03-26,282.6600036621094,284.8999938964844,266.510009765625,272.05999755859375,153629800,-0.05580626179068926,0.15348086515121206,264.7120056152344,257.5530029296875,0.06116901841932929,273.1300048828125
2025-03-27,272.4800109863281,291.8500061035156,271.82000732421875,273.1300048828125,162572100,0.0039329829222258805,0.15605693402701637,272.0860076904297,257.11200256347655,0.06079532699777287,263.54998779296875
2025-03-28,275.5799865722656,276.1000061035156,260.57000732421875,263.54998779296875,123809400,-0.03507493471452938,0.05966780860640841,275.05400390625,255.6405014038086,0.060559167496265776,259.1600036621094
2025-03-31,249.30999755859375,260.55999755859375,243.36000061035156,259.1600036621094,134008900,-0.016657121359109794,-0.06907579286064758,271.2080017089844,254.36600189208986,0.060360954992868095,268.4599914550781
2025-04-01,263.79998779296875,277.45001220703125,259.25,268.4599914550781,146486900,0.035885119854736525,-0.06830020890146471,267.2719970703125,254.18700103759767,0.060129846237546816,282.760009765625
2025-04-02,254.60000610351562,284.989990234375,251.27000427246094,282.760009765625,212787800,0.05326685079977622,0.03932960487778714,269.41199951171876,254.37000122070313,0.0610276125726442,267.2799987792969
2025-04-03,265.2900085449219,276.29998779296875,261.510009765625,267.2799987792969,136174300,-0.05474611137253549,-0.02141839416736946,268.24199829101565,254.5615005493164,0.06096131037182565,239.42999267578125
2025-04-04,255.3800048828125,261.0,236.0,239.42999267578125,181229400,-0.10419786826814681,-0.09151962145463999,263.4179992675781,253.39949951171874,0.06547690207466692,233.2899932861328
2025-04-07,223.77999877929688,252.0,214.25,233.2899932861328,183453800,-0.025644236634809525,-0.0998225420991492,258.24399719238284,253.95649948120118,0.055318537796687134,221.86000061035156
2025-04-08,245.0,250.44000244140625,217.8000030517578,221.86000061035156,171603500,-0.048994783337158565,-0.17358262805623392,248.9239990234375,253.520499420166,0.05591484044175377,272.20001220703125
2025-04-09,224.69000244140625,274.69000244140625,223.8800048828125,272.20001220703125,219433400,0.22689989839624536,-0.03734614936301195,246.81199951171874,254.72600021362305,0.07402562176998008,252.39999389648438
2025-04-10,260.0,262.489990234375,239.3300018310547,252.39999389648438,181722600,-0.07274069589492627,-0.05567197302742988,243.83599853515625,255.3120002746582,0.0757530300767842,252.30999755859375
2025-04-11,251.83999633789062,257.739990234375,241.36000061035156,252.30999755859375,128948100,-0.00035656236159631316,0.05379445047326903,246.41199951171876,255.42850036621093,0.07534110201978975,252.35000610351562
2025-04-14,258.3599853515625,261.79998779296875,245.92999267578125,252.35000610351562,100135200,0.00015856900364230597,0.08170094460076349,250.2240020751953,256.14550094604493,0.07439311781724407,254.11000061035156
2025-04-15,249.91000366210938,258.75,247.5399932861328,254.11000061035156,79594300,0.0069744183248166,0.14536193956223786,256.6740020751953,257.5855010986328,0.0730966825509212,241.5500030517578
2025-04-16,247.61000061035156,251.97000122070312,233.88999938964844,241.5500030517578,112378700,-0.049427403598542585,-0.11260105724007641,250.54400024414062,257.8700012207031,0.07360216517113773,241.3699951171875
2025-04-17,243.47000122070312,244.33999633789062,237.67999267578125,241.3699951171875,83404800,-0.0007452201709629014,-0.04370047165619406,248.33800048828124,258.1255012512207,0.07360753227714575,227.5
2025-04-21,230.25999450683594,232.2100067138672,222.7899932861328,227.5,97768000,-0.05746362595919796,-0.09833140897570714,243.3760009765625,257.0650009155273,0.07385278193032238,237.97000122070312
2025-04-22,230.9600067138672,242.7899932861328,229.85000610351562,237.97000122070312,120858500,0.04602198338770602,-0.056984365108014856,240.5,255.04400024414062,0.0691842121389019,250.74000549316406
2025-04-23,254.86000061035156,259.45001220703125,244.42999267578125,250.74000549316406,150381900,0.0536622440095611,-0.013261953914025626,239.8260009765625,253.17399978637695,0.06988344911646521,259.510009765625
2025-04-24,250.5,259.5400085449219,249.1999969482422,259.510009765625,94464200,0.0349764859229853,0.07435316285224314,243.41800231933593,252.5465003967285,0.06933901770820525,284.95001220703125
2025-04-25,261.69000244140625,286.8500061035156,259.6300048828125,284.95001220703125,167560700,0.09803091011549903,0.18055275291647255,252.13400573730468,253.13750076293945,0.07274401334211136,285.8800048828125
2025-04-28,288.9800109863281,294.8599853515625,272.4200134277344,285.8800048828125,151731800,0.0032637046356942534,0.2566154060782968,263.8100067138672,254.25400161743164,0.07214920877726676,292.0299987792969
2025-04-29,285.5,293.32000732421875,279.4700012207031,292.0299987792969,108906600,0.021512501019458785,0.2271714807802867,274.62200622558595,255.89750137329102,0.07201167058871168,282.1600036621094
2025-04-30,279.8999938964844,284.45001220703125,270.7799987792969,282.1600036621094,128961100,-0.03379788089732105,0.1253090750602297,280.906005859375,256.5825019836426,0.07229281926043338,280.5199890136719
2025-05-01,280.010009765625,290.8699951171875,279.80999755859375,280.5199890136719,99659000,-0.005812356915055328,0.08096018826796669,285.1080017089844,256.4705009460449,0.0714112295415644,287.2099914550781
2025-05-02,284.8999938964844,294.7799987792969,279.80999755859375,287.2099914550781,114454700,0.023848576584252656,0.007931142836396399,285.55999755859375,257.467000579834,0.07028481927653947,280.260009765625
2025-05-05,284.57000732421875,284.8500061035156,274.3999938964844,280.260009765625,94618900,-0.024198258752220814,-0.019658580597447628,284.4359985351563,259.50850143432615,0.06582999595055941,275.3500061035156
2025-05-06,273.1099853515625,277.7300109863281,271.3500061035156,275.3500061035156,76715800,-0.017519458684867262,-0.057117394601597926,281.1,261.6115020751953,0.06562445010032611,276.2200012207031
2025-05-07,276.8800048828125,277.9200134277344,271.0,276.2200012207031,71592600,0.003159597232260225,-0.021051893834391544,279.91199951171876,264.3295021057129,0.06416787732907088,284.82000732421875
2025-05-08,279.6300048828125,289.79998779296875,279.4100036621094,284.82000732421875,97539400,0.031134624811778533,0.015328741191192874,280.7720031738281,264.96050186157225,0.04027717260605095,298.260009765625
2025-05-09,290.2099914550781,307.0400085449219,290.0,298.260009765625,132387800,0.04718770485146129,0.038473655650225425,282.9820068359375,267.2535026550293,0.037213000184661095,318.3800048828125
2025-05-12,321.989990234375,322.2099914550781,311.5,318.3800048828125,112826700,0.06745790403815088,0.13601653389317425,290.606005859375,270.55700302124023,0.039341314185618294,334.07000732421875
2025-05-13,320.0,337.5899963378906,316.79998779296875,334.07000732421875,136992600,0.049280740626853614,0.21325585588920526,302.3500061035156,274.6430030822754,0.0400622149444504,347.67999267578125
2025-05-14,342.5,350.0,337.0,347.67999267578125,136997300,0.04073991993646375,0.2587067958123015,316.6420043945312,279.3215026855469,0.040421496596582035,342.82000732421875
2025-05-15,340.3399963378906,346.1400146484375,334.7200012207031,342.82000732421875,97882600,-0.013978329078298546,0.20363737977851026,328.24200439453125,284.38500289916993,0.03808513395334792,349.9800109863281
2025-05-16,346.239990234375,351.6199951171875,342.3299865722656,349.9800109863281,95895700,0.0208856061756566,0.1734057517846428,338.58600463867185,289.815503692627,0.037820903220453124,342.0899963378906
2025-05-19,336.29998779296875,343.0,333.3699951171875,342.0899963378906,88869900,-0.022544186527114873,0.07447073023258843,343.3280029296875,295.5450035095215,0.03476761363543834,343.82000732421875
2025-05-20,347.8699951171875,354.989990234375,341.6300048828125,343.82000732421875,131715500,0.005057180873010214,0.02918549940503201,345.2780029296875,300.83750381469724,0.03443123425388068,334.6199951171875
2025-05-21,344.42999267578125,347.3500061035156,332.20001220703125,334.6199951171875,102354800,-0.026758222357769146,-0.037563270345476796,342.66600341796874,305.03150329589846,0.034877632455747605,341.0400085449219
2025-05-22,331.8999938964844,347.2699890136719,331.3900146484375,341.0400085449219,97113400,0.019185982671137136,-0.0051922254864590345,342.31000366210935,309.1080032348633,0.034581386525730076,339.3399963378906
2025-05-23,337.9200134277344,343.17999267578125,333.2099914550781,339.3399963378906,84654800,-0.004984788190348977,-0.030401778142846947,340.1820007324219,311.82750244140624,0.02861118968102241,362.8900146484375
2025-05-27,347.3500061035156,363.7900085449219,347.32000732421875,362.8900146484375,120146400,0.06939947711644767,0.06080276691283948,344.3420043945313,315.6780029296875,0.031563853391483085,356.8999938964844
2025-05-28,364.8399963378906,365.0,355.9100036621094,356.8999938964844,91404300,-0.016506435862546853,0.038043122254753925,346.9580017089844,318.9215026855469,0.0321299244099235,358.42999267578125
2025-05-29,365.2900085449219,367.7099914550781,356.0,358.42999267578125,88087800,0.004286911755287504,0.07115533412836017,351.7200012207031,322.7350021362305,0.030446997819190507,346.4599914550781
2025-05-30,355.5199890136719,363.67999267578125,345.2900085449219,346.4599914550781,123474900,-0.03339564619395741,0.015892513412960163,352.8039978027344,326.0320022583008,0.03190819912544159,342.69000244140625
2025-06-02,343.5,348.0199890136719,333.3299865722656,342.69000244140625,81873800,-0.01088145559849063,0.009872122766748426,353.4739990234375,328.8060028076172,0.03212145773065486,344.2699890136719
2025-06-03,346.6000061035156,355.3999938964844,343.0400085449219,344.2699890136719,99324500,0.004610541775392996,-0.05131038298974533,349.7499938964844,332.00650177001955,0.03116967722473993,332.04998779296875
2025-06-04,345.1000061035156,345.6000061035156,327.3299865722656,332.04998779296875,98912100,-0.03549540073392177,-0.06962736488788834,344.7799926757813,334.8415008544922,0.03226878457042295,284.70001220703125
2025-06-05,322.489990234375,324.54998779296875,273.2099914550781,284.70001220703125,287499800,-0.14259893789082123,-0.20570259737008845,330.03399658203125,335.26550140380857,0.04697710709893609,295.1400146484375
2025-06-06,298.8299865722656,305.5,291.1400146484375,295.1400146484375,164747700,0.036670186138995975,-0.14812670459034738,319.77000122070314,335.78150177001953,0.04716996024076865,308.5799865722656
2025-06-09,285.9599914550781,309.8299865722656,281.8500061035156,308.5799865722656,140908900,0.04553761352840424,-0.09953606941005766,312.947998046875,336.29750061035156,0.04708975979326859,326.0899963378906
2025-06-10,314.94000244140625,327.8299865722656,310.6700134277344,326.0899963378906,151256500,0.05674382827003055,-0.052807369959451456,309.31199951171874,336.6830001831055,0.04637092043492167,326.42999267578125
2025-06-11,334.3999938964844,335.5,322.5,326.42999267578125,122611400,0.0010426457165473302,-0.016925147790372908,308.18800048828126,336.3009994506836,0.04503182062342144,319.1099853515625
2025-06-12,323.0799865722656,332.55999755859375,316.8599853515625,319.1099853515625,105127500,-0.022424432461661592,0.12086396792813847,315.0699951171875,334.8724990844727,0.04422086593130173,325.30999755859375
2025-06-13,313.9700012207031,332.989990234375,313.29998779296875,325.30999755859375,128964300,0.019429076154419578,0.10222261100750396,321.10399169921874,333.9969985961914,0.0444270484882047,329.1300048828125
2025-06-16,331.2900085449219,332.04998779296875,326.4100036621094,329.1300048828125,83925900,0.011742668079331553,0.06659543458672856,325.2139953613281,332.9544982910156,0.04422969814182382,316.3500061035156
2025-06-17,326.0899963378906,327.260009765625,314.739990234375,316.3500061035156,88282700,-0.03882963749794621,-0.029869024943293687,323.2659973144531,331.66749877929686,0.04477257640887708,322.04998779296875
2025-06-18,317.30999755859375,329.32000732421875,315.45001220703125,322.04998779296875,95137700,0.0180179597897272,-0.01341789964491047,322.38999633789064,330.57899780273436,0.04498722182797677,322.1600036621094
2025-06-20,327.95001220703125,332.3599853515625,317.7799987792969,322.1600036621094,108688000,0.0003416111576173275,0.009557890541051828,323.0,329.9559982299805,0.04461711951320113,348.67999267578125
2025-06-23,327.5400085449219,357.5400085449219,327.4800109863281,348.67999267578125,190716800,0.0823193093872907,0.07183915432226518,327.6739990234375,330.33799743652344,0.048202674600251336,340.4700012207031
2025-06-24,356.1700134277344,356.260009765625,340.44000244140625,340.4700012207031,114736200,-0.023545920693855638,0.034454459239984025,329.94199829101564,330.3944976806641,0.048526914449695174,327.54998779296875
2025-06-25,342.70001220703125,343.0,320.3999938964844,327.54998779296875,119845100,-0.037947582404945,0.03540376631378428,332.18199462890624,328.62749633789065,0.04649505461581039,325.7799987792969
2025-06-26,324.6099853515625,331.04998779296875,323.6099853515625,325.7799987792969,80440900,-0.0054037218123500486,0.011582087029067045,332.92799682617186,327.0714965820313,0.04640462115871405,323.6300048828125
2025-06-27,324.510009765625,329.3399963378906,317.5,323.6300048828125,89067000,-0.006599526995335614,0.004562953824165383,333.2219970703125,325.3314971923828,0.0463724469363276,317.6600036621094
2025-06-30,319.8999938964844,325.5799865722656,316.6000061035156,317.6600036621094,76695100,-0.018446995428822777,-0.08896406351171315,327.01799926757815,323.89149780273436,0.04599319642221121,300.7099914550781
2025-07-01,298.4599914550781,305.8900146484375,293.2099914550781,300.7099914550781,145085700,-0.05335897504131726,-0.11677977390980576,319.0659973144531,321.792497253418,0.04732391789475276,315.6499938964844
2025-07-02,312.6300048828125,316.8299865722656,303.82000732421875,315.6499938964844,119483700,0.04968242780731846,-0.036330313967240624,316.6859985351563,320.3614974975586,0.04887399592202903,315.3500061035156
2025-07-03,317.989990234375,318.45001220703125,312.760009765625,315.3500061035156,58042300,-0.0009503811144286889,-0.032015448200818364,314.6,319.52649841308596,0.04827773553006111,293.94000244140625
2025-07-07,291.3699951171875,296.1499938964844,288.7699890136719,293.94000244140625,131177900,-0.06789282780315342,-0.09174057409218628,308.66199951171876,319.9884979248047,0.038725406479987096,297.80999755859375
2025-07-08,297.0,304.04998779296875,294.3500061035156,297.80999755859375,103246700,0.013165935514200422,-0.0624882134189918,304.69199829101564,320.1219970703125,0.037977084967957944,295.8800048828125
2025-07-09,297.54998779296875,300.1499938964844,293.54998779296875,295.8800048828125,75586800,-0.0064806174796113725,-0.016061942434617005,303.7260009765625,319.4869979858398,0.0365294626867937,309.8699951171875
2025-07-10,300.04998779296875,310.4800109863281,300.0,309.8699951171875,104365300,0.0472826483827995,-0.018311417364362148,302.57000122070315,318.6759979248047,0.035789686141443275,313.510009765625
2025-07-11,307.8900146484375,314.0899963378906,305.6499938964844,313.510009765625,79236400,0.01174690904506881,-0.005834775019115224,302.202001953125,318.0299987792969,0.03591649495951395,316.8999938964844
2025-07-14,317.7300109863281,322.6000061035156,312.6700134277344,316.8999938964844,78043400,0.010813001260769006,0.07811114943313968,306.79400024414065,317.919499206543,0.035660900995055846,310.7799987792969
2025-07-15,319.67999267578125,321.20001220703125,310.5,310.7799987792969,77556300,-0.01931207079538977,0.04355126196913961,309.38800048828125,317.1929992675781,0.03561668876992524,321.6700134277344
2025-07-16,312.79998779296875,323.5,312.6199951171875,321.6700134277344,97284800,0.03504091219258654,0.08716374246085468,314.54600219726564,316.8199996948242,0.03645015976989974,319.4100036621094
2025-07-17,323.1499938964844,324.3399963378906,317.05999755859375,319.4100036621094,73922900,-0.007025863995037018,0.03078713233049246,316.45400390625,316.9729995727539,0.03536847965397791,329.6499938964844
2025-07-18,321.6600036621094,330.8999938964844,321.4200134277344,329.6499938964844,94255000,0.03205907804067243,0.05148155921058262,319.6820007324219,317.3529998779297,0.035858511990201375,328.489990234375
2025-07-21,334.3999938964844,338.0,326.8800048828125,328.489990234375,75768800,-0.0035188948387289143,0.03657304058414246,322.0,317.669499206543,0.03587701611477739,332.1099853515625
2025-07-22,329.739990234375,335.4100036621094,321.54998779296875,332.1099853515625,77370400,0.0110201078413521,0.06863371727925549,326.2659973144531,316.840998840332,0.0305840838891525,332.55999755859375
2025-07-23,330.8999938964844,336.20001220703125,328.6700134277344,332.55999755859375,92553800,0.0013550095657464123,0.03385452070839645,328.443994140625,316.44549865722655,0.03016406739589642,305.29998779296875
2025-07-24,310.0,310.1499938964844,300.4100036621094,305.29998779296875,156966000,-0.08197020076301287,-0.04417524719753929,325.6219909667969,315.33299865722654,0.034339417153048245,316.05999755859375
2025-07-25,308.739990234375,323.6300048828125,308.010009765625,316.05999755859375,148227000,0.03524405566934252,-0.041225531895984546,322.90399169921875,314.8469985961914,0.035373221903832644,325.5899963378906
2025-07-28,318.45001220703125,330.489990234375,315.69000244140625,325.5899963378906,112673800,0.030152499060024596,-0.008828256515260202,322.32399291992186,314.9449981689453,0.036010822069434144,321.20001220703125
2025-07-29,325.54998779296875,326.25,318.25,321.20001220703125,87358900,-0.013483166498468035,-0.032850482146696836,320.1419982910156,315.1219985961914,0.03588713550128032,319.0400085449219
2025-07-30,322.17999267578125,324.45001220703125,311.6199951171875,319.0400085449219,83931900,-0.006724793213012448,-0.04065428528062753,317.43800048828126,316.0384994506836,0.033599211957915064,308.2699890136719
2025-07-31,319.6099853515625,321.3699951171875,306.1000061035156,308.2699890136719,85270900,-0.03375758288237862,0.009728140646756867,318.03200073242186,315.669499206543,0.03273347968536348,302.6300048828125
2025-08-01,306.2099914550781,309.30999755859375,297.82000732421875,302.6300048828125,89121400,-0.01829559909125389,-0.04249190906638378,315.34600219726565,315.0334991455078,0.032970447289374885,309.260009765625
2025-08-04,309.0799865722656,312.1199951171875,303.0,309.260009765625,78683900,0.021907956170373222,-0.05015506236659284,312.0800048828125,315.79949951171875,0.029375871630056876,308.7200012207031
2025-08-05,308.95001220703125,312.45001220703125,305.5,308.7200012207031,57961300,-0.0017461311772288823,-0.03885432911591569,309.58400268554686,316.3449996948242,0.02929234831436963,319.9100036621094
2025-08-06,307.8900146484375,320.4700012207031,306.92999267578125,319.9100036621094,78523600,0.03624644466558724,0.00272691541463832,309.75800170898435,317.54649963378904,0.030169700809241938,322.2699890136719
2025-08-07,319.7900085449219,322.3999938964844,316.1600036621094,322.2699890136719,66658700,0.007377028928595486,0.045414735455740596,312.55800170898436,318.16649932861327,0.02845168640445785,329.6499938964844
2025-08-08,321.42999267578125,335.1499938964844,320.9800109863281,329.6499938964844,91200300,0.02290006868278205,0.08928390634674455,317.9619995117188,318.97349853515624,0.02875313343145032,339.0299987792969
2025-08-11,335.0,346.6400146484375,334.1499938964844,339.0299987792969,105320200,0.02845443669493286,0.09626200631705761,323.91599731445314,320.0799987792969,0.02927408262270582,340.8399963378906
2025-08-12,345.0,345.260009765625,332.94000244140625,340.8399963378906,80522100,0.005338753399730889,0.10404248182878506,330.3399963378906,321.58299865722654,0.02876444463633205,339.3800048828125
2025-08-13,341.5,348.9800109863281,338.20001220703125,339.3800048828125,67838900,-0.004283509772223915,0.06086087023795428,334.23399658203124,322.46849822998047,0.027937087740803192,335.5799865722656
2025-08-14,335.760009765625,340.4700012207031,330.3999938964844,335.5799865722656,75000700,-0.011196942235471519,0.04130076647636316,336.89599609375,323.2769973754883,0.02803177064163378,330.55999755859375
2025-08-15,337.6600036621094,339.29998779296875,327.0199890136719,330.55999755859375,74319800,-0.014959143019665277,0.0027605147245812756,337.0779968261719,323.32249755859374,0.027418446028114864,335.1600036621094
2025-08-18,329.6199951171875,336.2699890136719,329.5899963378906,335.1600036621094,56956600,0.013915797850586165,-0.011414904672511939,336.3039978027344,323.65599822998047,0.027560632545144695,329.30999755859375
2025-08-19,335.7900085449219,340.54998779296875,327.8500061035156,329.30999755859375,75956000,-0.017454368181154756,-0.033828185961681134,333.997998046875,323.51599884033203,0.027770813995758967,323.8999938964844
2025-08-20,329.2200012207031,331.3699951171875,314.6000061035156,323.8999938964844,77481800,-0.016428300696053943,-0.04561261937536176,330.90199584960936,323.08299865722654,0.028007182465656335,320.1099853515625
2025-08-21,322.0799865722656,324.8999938964844,318.67999267578125,320.1099853515625,55744400,-0.011701168929731831,-0.04609929626232856,327.80799560546876,323.82349853515626,0.020782588200852322,340.010009765625
2025-08-22,321.6600036621094,340.25,319.69000244140625,340.010009765625,94016300,0.062166209505171155,0.028587888059129707,329.697998046875,325.0209991455078,0.023679873034280253,346.6000061035156
2025-08-25,338.8999938964844,349.5299987792969,335.0299987792969,346.6000061035156,86670000,0.019381771561470362,0.03413295833753316,331.9859985351562,326.0714996337891,0.023168881104236122,351.6700134277344
2025-08-26,344.92999267578125,351.8999938964844,343.7200012207031,351.6700134277344,76651600,0.01462783391499567,0.06789959623124453,336.4580017089844,327.5949996948242,0.02294342879544467,349.6000061035156
2025-08-27,351.94000244140625,355.3900146484375,349.1600036621094,349.6000061035156,65519000,-0.0058862207330171445,0.07934551618190144,341.59800415039064,329.1229995727539,0.022922037498615266,345.9800109863281
2025-08-28,350.9100036621094,353.54998779296875,340.260009765625,345.9800109863281,67903200,-0.010354676927882056,0.08081605328978947,346.7720092773437,331.00850067138674,0.02139496639496009,333.8699951171875
2025-08-29,347.2300109863281,348.75,331.70001220703125,333.8699951171875,81145700,-0.03500206799409333,-0.018058334966873257,345.54400634765625,332.5705001831055,0.0226809709270283,329.3599853515625
2025-09-02,328.2300109863281,333.3299865722656,325.6000061035156,329.3599853515625,58392000,-0.01350828116207925,-0.04974039367675087,342.09600219726565,333.5754989624023,0.022687540186221003,334.0899963378906
2025-09-03,335.20001220703125,343.3299865722656,328.510009765625,334.0899963378906,88733300,0.014361219324440011,-0.049990094175192734,338.5799987792969,334.84399871826173,0.022781155176831016,338.5299987792969
2025-09-04,336.1499938964844,338.8900146484375,331.4800109863281,338.5299987792969,60711000,0.01328983953448204,-0.031664780122861225,336.3659973144531,335.7749984741211,0.021630787185643003,350.8399963378906
2025-09-05,348.0,355.8699951171875,344.67999267578125,350.8399963378906,108989800,0.036363092201525005,0.014047011958024713,337.33799438476564,337.20349884033203,0.022871317952385187,346.3999938964844
2025-09-08,354.6400146484375,358.44000244140625,344.8399963378906,346.3999938964844,75208300,-0.01265534855703887,0.037529574273060584,339.843994140625,338.040998840332,0.022747431476923395,346.9700012207031
2025-09-09,348.44000244140625,350.7699890136719,343.82000732421875,346.9700012207031,53816000,0.001645517708609212,0.0534673811402544,343.3659973144531,338.43799896240233,0.021926443171658885,347.7900085449219
2025-09-10,350.54998779296875,356.3299865722656,346.07000732421875,347.7900085449219,72121700,0.0023633378140295314,0.04100695129217624,346.1059997558594,338.7854995727539,0.021908277355993454,368.80999755859375
2025-09-11,350.1700134277344,368.989990234375,347.6000061035156,368.80999755859375,103756000,0.06043873744853956,0.08944554068615296,352.16199951171876,340.25699920654296,0.025530950834862776,395.94000244140625
2025-09-12,370.94000244140625,396.69000244140625,370.239990234375,395.94000244140625,168156400,0.07356092584909457,0.12854864489304196,361.1820007324219,343.275,0.029516819241542442,410.0400085449219
2025-09-15,423.1300048828125,425.70001220703125,402.42999267578125,410.0400085449219,163823700,0.03561147147692467,0.18371829032842069,373.9100036621094,347.2490005493164,0.029548692828659184,421.6199951171875
2025-09-16,414.5,423.25,411.42999267578125,421.6199951171875,104285700,0.028241113869250656,0.21514826536545595,388.8400024414062,351.57200012207034,0.029789692326436974,425.8599853515625
2025-09-17,415.75,428.30999755859375,409.6700134277344,425.8599853515625,106133500,0.01005642588937583,0.22447446703046037,404.45399780273436,356.3994995117188,0.02898461421000544,416.8500061035156
2025-09-18,428.8699951171875,432.2200012207031,416.55999755859375,416.8500061035156,90454500,-0.021157139806429193,0.13025679581066574,414.06199951171874,361.0470001220703,0.029258128967703703,426.07000732421875
2025-09-19,421.82000732421875,429.4700012207031,421.7200012207031,426.07000732421875,93131000,0.022118270566640064,0.07609740035618495,420.08800048828124,366.3450012207031,0.02872217183873214,434.2099914550781
2025-09-22,431.1099853515625,444.9800109863281,429.1300048828125,434.2099914550781,97108800,0.019104804353584193,0.05894542582790008,424.9219970703125,371.0550003051758,0.02651226519990656,425.8500061035156
2025-09-23,439.8800048828125,440.9700012207031,423.7200012207031,425.8500061035156,83422700,-0.019253323313789705,0.01003275706872575,425.76799926757815,375.01750030517576,0.027387504539313042,442.7900085449219
2025-09-24,429.8299865722656,444.2099914550781,429.0299987792969,442.7900085449219,93133600,0.03977927016229388,0.03975490484127797,429.15400390625,379.57350006103513,0.028144426131264163,423.3900146484375
2025-09-25,435.239990234375,435.3500061035156,419.0799865722656,423.3900146484375,96746400,-0.04381307961359793,0.015689117066482128,430.4620056152344,383.26300048828125,0.030582052951118894,440.3999938964844
2025-09-26,428.29998779296875,440.4700012207031,421.0199890136719,440.3999938964844,101628200,0.0401756741055197,0.03363293901455311,433.3280029296875,387.98399963378904,0.030892475873105785,443.2099914550781
2025-09-29,444.3500061035156,450.9800109863281,439.5,443.2099914550781,79491500,0.00638055766924972,0.020727298259167526,435.1280029296875,393.4509994506836,0.028856096278820003,444.7200012207031
2025-09-30,441.5199890136719,445.0,433.1199951171875,444.7200012207031,74358000,0.0034069849388267404,0.044311365144375614,438.902001953125,399.2190002441406,0.028228249626922032,459.4599914550781
2025-10-01,443.79998779296875,462.2900085449219,440.75,459.4599914550781,98122300,0.033144428390707636,0.03764760403003775,442.2359985351562,405.4875,0.02849949360346849,436.0
2025-10-02,470.5400085449219,470.75,435.57000732421875,436.0,137009000,-0.051059922281332826,0.02978337919006724,444.75799560546875,410.36100006103516,0.03225839998736954,429.8299865722656
2025-10-03,443.2900085449219,446.7699890136719,416.5799865722656,429.8299865722656,133188200,-0.014151406944344913,-0.024000925228675696,442.643994140625,414.3104995727539,0.03232869847351008,453.25
2025-10-06,440.75,453.54998779296875,436.69000244140625,453.25,85324900,0.054486690457546505,0.02265293819744474,444.65199584960936,419.6529998779297,0.03324911587436139,433.0899963378906
2025-10-07,447.82000732421875,452.67999267578125,432.45001220703125,433.0899963378906,102296100,-0.044478772558432134,-0.02615129711029307,442.32599487304685,423.95899963378906,0.03566681333430972,438.69000244140625
2025-10-08,437.57000732421875,441.3299865722656,425.2300109863281,438.69000244140625,71192100,0.012930352007360923,-0.04520521786433407,438.1719970703125,428.5039993286133,0.035598682788927305,435.5400085449219
2025-10-09,431.80999755859375,436.3500061035156,426.17999267578125,435.5400085449219,69339900,-0.007180455170972544,-0.001055026273114934,438.0799987792969,431.8404998779297,0.03395690664277122,413.489990234375
2025-10-10,436.5400085449219,443.1300048828125,411.45001220703125,413.489990234375,112107900,-0.05062684914805626,-0.03801502186526362,434.81199951171874,432.71799926757814,0.03284607858978391,435.8999938964844
2025-10-13,423.5299987792969,436.8900146484375,419.70001220703125,435.8999938964844,79552800,0.054197209585187034,-0.038279108888065405,431.3419982910156,434.01099853515626,0.034066875692803665,429.239990234375
2025-10-14,426.7900085449219,434.20001220703125,417.8599853515625,429.239990234375,72669400,-0.015278742269702716,-0.00888962140910754,430.5719970703125,434.3919982910156,0.03379996972479093,435.1499938964844
2025-10-15,434.8999938964844,440.510009765625,426.3299865722656,435.1499938964844,71558200,0.013768529951932784,-0.00806949902031262,429.86399536132814,434.8564987182617,0.03385991967372198,428.75
2025-10-16,434.7300109863281,439.3500061035156,421.30999755859375,428.75,77189900,-0.01470755828163206,-0.015589861807658867,428.50599365234376,435.4514984130859,0.03366166038614461,439.30999755859375
2025-10-17,425.5,441.4599914550781,423.6000061035156,439.30999755859375,89331600,0.02462973191508744,0.06244409280520524,433.6699951171875,436.1134979248047,0.033745448308538824,447.42999267578125
2025-10-20,443.8699951171875,449.79998779296875,440.6099853515625,447.42999267578125,63719000,0.018483519979771268,0.026451018446297603,435.9759948730469,436.77449798583984,0.03372922634828703,442.6000061035156
2025-10-21,445.760009765625,449.29998779296875,442.04998779296875,442.6000061035156,54412200,-0.010794954856246153,0.031124816357035456,438.647998046875,437.6119979858398,0.033500415521905025,438.9700012207031
2025-10-22,443.45001220703125,445.5400085449219,429.0,438.9700012207031,84023500,-0.008201547294971134,0.008778599052738256,439.41199951171876,437.4209976196289,0.032387090759466636,448.9800109863281
2025-10-23,420.0,449.3999938964844,413.8999938964844,448.9800109863281,126709800,0.022803402824313368,0.04718369909347664,443.4580017089844,438.70049743652345,0.03103422677318371,433.7200012207031
2025-10-24,446.8299865722656,451.67999267578125,430.1700134277344,433.7200012207031,94727800,-0.03398817183887881,-0.012724491518418146,442.3400024414062,438.3664978027344,0.03083846747185803,452.4200134277344
2025-10-27,439.9800109863281,460.1600036621094,438.69000244140625,452.4200134277344,105867500,0.043115401997602554,0.011152629089773658,443.3380065917969,438.8269989013672,0.032316588376025114,460.54998779296875
2025-10-28,454.7799987792969,467.0,451.6000061035156,460.54998779296875,80185700,0.017969970655449252,0.04055576466769173,446.9280029296875,439.61849822998045,0.03252462230519367,461.510009765625
2025-10-29,462.5,465.70001220703125,452.6499938964844,461.510009765625,67983500,0.0020845119924046696,0.05134749181548126,451.4360046386719,439.7209991455078,0.03170313353919808,440.1000061035156
2025-10-30,451.04998779296875,455.05999755859375,439.6099853515625,440.1000061035156,72447900,-0.04639120107705208,-0.019778174229415524,449.6600036621094,439.9259994506836,0.031316790708322786,456.55999755859375
2025-10-31,446.75,458.0,443.69000244140625,456.55999755859375,83135800,0.03740057084027071,0.05266069416583874,454.2280029296875,441.2625,0.03212107070823065,468.3699951171875
2025-11-03,455.989990234375,474.07000732421875,453.79998779296875,468.3699951171875,84595200,0.02586735066967427,0.03525481016767795,457.4179992675781,442.01849975585935,0.030317475632061,444.260009765625
2025-11-04,454.4599914550781,460.2200012207031,443.6000061035156,444.260009765625,87756600,-0.05147636612701911,-0.03537070558921951,454.1600036621094,442.5770004272461,0.030917509593228632,462.07000732421875
2025-11-05,452.04998779296875,466.3299865722656,440.7099914550781,462.07000732421875,85573000,0.040089130615176494,0.0012134028444543699,454.2720031738281,443.7460006713867,0.03201236427358244,445.9100036621094
2025-11-06,461.9599914550781,467.45001220703125,435.0899963378906,445.9100036621094,109622900,-0.03497306340156037,0.013201539372910576,455.4340026855469,444.2645004272461,0.033067418746818865,429.5199890136719
2025-11-07,437.9200134277344,439.3599853515625,421.8800048828125,429.5199890136719,103471500,-0.03675632866235745,-0.05922553156105537,450.0260009765625,445.0660003662109,0.03204178223734013,445.2300109863281
2025-11-10,439.6000061035156,449.6700134277344,433.3599853515625,445.2300109863281,76515900,0.03657576451501576,-0.04940535126523138,445.39800415039065,445.5325012207031,0.030758881543206586,439.6199951171875
2025-11-11,439.3999938964844,442.489990234375,432.3599853515625,439.6199951171875,60533200,-0.01260026442672324,-0.010444367141857702,444.4700012207031,446.05150146484374,0.030687680299282646,430.6000061035156
2025-11-12,442.1499938964844,442.3299865722656,426.55999755859375,430.6000061035156,58513500,-0.02051769508633805,-0.06810656550279337,438.1760009765625,445.8240020751953,0.030931471923323562,401.989990234375
2025-11-13,423.1300048828125,424.5,396.3399963378906,401.989990234375,118948000,-0.06644220962287406,-0.09849524134249965,429.3919982910156,444.4860015869141,0.034209582132343735,404.3500061035156
2025-11-14,386.29998779296875,412.19000244140625,382.7799987792969,404.3500061035156,105506700,0.005870832424868633,-0.058600259717726644,424.3580017089844,442.73800201416014,0.03367508135739823,408.9200134277344
2025-11-17,398.739990234375,423.9599914550781,398.739990234375,408.9200134277344,102214300,0.011302107716671506,-0.08155334695016492,417.09600219726565,440.8125030517578,0.03346491369222534,401.25
2025-11-18,405.3800048828125,408.8999938964844,393.7099914550781,401.25,80688600,-0.018756757252943457,-0.08727991343287145,409.4220031738281,438.74500274658203,0.033597678249854414,403.989990234375
2025-11-19,406.17999267578125,411.7799987792969,398.5,403.989990234375,72047700,0.006828636098130891,-0.061797527849415834,404.1,436.9960021972656,0.033675029617134276,395.2300109863281
2025-11-20,414.6300048828125,428.94000244140625,394.739990234375,395.2300109863281,113548800,-0.02168365419886953,-0.016816287500356797,402.7480041503906,434.3085021972656,0.033306466691016924,391.0899963378906
2025-11-21,402.32000732421875,402.79998779296875,383.760009765625,391.0899963378906,100460600,-0.010474950113494086,-0.03279339573505624,400.09600219726565,432.177001953125,0.03266888451959959,417.7799987792969
2025-11-24,402.1700134277344,421.7200012207031,401.0899963378906,417.7799987792969,96806400,0.0682451678419993,0.0216667931640091,401.8679992675781,430.44500122070315,0.03500254203408564,419.3999938964844
2025-11-25,414.4200134277344,420.4800109863281,405.95001220703125,419.3999938964844,71915600,0.0038776272725380423,0.04523362964855915,405.497998046875,428.3875015258789,0.03469033476838682,426.5799865722656
2025-11-26,423.95001220703125,426.94000244140625,416.8900146484375,426.5799865722656,63463000,0.017119677587676296,0.05591721796073479,410.0159973144531,426.64100036621096,0.03499292173555408,430.1700134277344
2025-11-28,426.5899963378906,432.92999267578125,426.20001220703125,430.1700134277344,36252900,0.008415835173881447,0.08840422404718384,417.0039978027344,426.1445007324219,0.03356118852929238,430.1400146484375
2025-12-01,425.32000732421875,433.6600036621094,425.2900085449219,430.1400146484375,57463600,-6.973703038437584e-05,0.09984918733847836,424.8140014648437,424.82350158691406,0.03235202652729717,429.239990234375
2025-12-02,430.80999755859375,436.79998779296875,422.1199951171875,429.239990234375,69336600,-0.0020923987153301793,0.027430684782811188,427.1059997558594,422.86700134277345,0.03165939145544513,446.739990234375
2025-12-03,432.1000061035156,447.9200134277344,431.1099853515625,446.739990234375,87483000,0.04076973347810542,0.06518835654689736,432.5739990234375,422.9910003662109,0.031073758857609057,454.5299987792969
2025-12-04,449.94000244140625,454.6300048828125,445.3900146484375,454.5299987792969,71906500,0.017437455153354264,0.06552115215629395,438.16400146484375,422.61399993896487,0.02995665551327599,455.0
2025-12-05,453.0299987792969,458.8699951171875,451.6600036621094,455.0,56427500,0.0010340378456106247,0.057721332954875804,443.1299987792969,423.06849975585936,0.028830068649649477,439.5799865722656
2025-12-08,447.45001220703125,449.75,435.25,439.5799865722656,69165800,-0.033890139401614006,0.021946277031546613,445.0179931640625,423.5714996337891,0.028636872002351266,445.1700134277344
2025-12-09,437.5400085449219,452.3900146484375,435.70001220703125,445.1700134277344,62367400,0.01271674558948499,0.03711215999390283,448.20399780273436,423.56849975585936,0.027578258213525435,451.45001220703125
2025-12-10,446.07000732421875,456.8800048828125,443.6099853515625,451.45001220703125,63257500,0.014106967203253218,0.010543094586596524,449.1460021972656,424.1600006103516,0.027564552640432265,446.8900146484375
2025-12-11,448.95001220703125,449.2699890136719,440.3299865722656,446.8900146484375,55979500,-0.010100780674035192,-0.01680853662327597,447.6180053710938,424.97450103759763,0.027219096138163316,458.9599914550781
